Workbook

Sheet Lançamentos
A1: Data | B1: Codigo | C1: Fuso Retificado | D1: Fuso Retificado Adaptado | E1: Castanha Retificada Adaptada | F1: Fuso Laminado | G1: Castanha Laminada Adaptada | H1: Fuso Laminado Adaptado | I1: Guia | J1: Bloco | K1: Cliente | L1: Pedido | M1: OP | N1: Peças produzidas | O1: Aprovado | P1: Reprovado | Q1: Usinagem | R1: Inspeção | S1: Desenho | T1: Programação CNC | U1: Produção | V1: Comercial | W1: PCP | X1: RETRABALHO OUTROS DP | Y1: Retrabalho | Z1: Morta outros | AA1: Morta usin. | AB1: Data de entrada | AC1: Data de saída | AD1: Inspetor | AE1: Inspetor Responsavél | AF1: Observação
A2: LOGO | K2: CONTROLE DE QUALIDADE | AG2: DASH!A1
A3: Data | B3: Codigo | C3: Fuso Retificado | D3: Fuso Retificado Adaptado | E3: Castanha Retificada Adaptada | F3: Fuso Laminado | G3: Fuso Laminado Adaptado | H3: Castanha Laminada Adaptada | I3: Guia | J3: Bloco | K3: Cliente | L3: Pedido | M3: OP | N3: Peças produzidas | O3: Aprovado | P3: Reprovado | Q3: Usinagem | R3: Inspeção | S3: Desenho | T3: Programação CNC | U3: Produção | V3: Comercial | W3: PCP | X3: RETRABALHO OUTROS DP | Y3: Retrabalho | Z3: Morta outros | AA3: Morta usin. | AB3: Data de entrada | AC3: Data de saída | AD3: Inspetor | AE3: Inspetor Responsavél | AF3: Observação
A4: 45597 | B4: 046899 | C4: 2 | D4: 0 | E4: 0 | F4: 0 | G4: 0 | H4: 0 | I4: 0 | J4: 0 | K4: MAHLE | L4: 0084540 | M4: 0370801001 | N4: 2 | O4: 1 | P4: 1 | Q4: 1 | R4: 0 | S4: 0 | T4: 0 | U4: 0 | V4: 0 | W4: 0 | X4: 0 | Y4: 1 | Z4: 0 | AA4: 0 | AB4: 45597 | AC4: 45597 | AD4: JOSE/ALEXANDRE | AE4: WILLIAN | AF4: PORCA CALIBRADORA NÃO ESTAVA PASSANDO NA ROSCA M40x1.5 DIMENSIONAL ALEXANDRE
A5: 04/11/2024 | B5: 052104 | C5: 0 | D5: 0 | E5: 0 | F5: 1 | G5: 0 | H5: 0 | I5: 0 | J5: 0 | K5: TOX | L5: 0084655 | M5: 03757801001 | N5: 1 | O5: 1 | P5: 0 | Q5: 0 | R5: 0 | S5: 0 | T5: 0 | U5: 0 | V5: 0 | W5: 0 | X5: 0 | Y5: 0 | Z5: 0 | AA5: 0 | AB5: 04/11/2024 | AC5: 04/11/2024 | AD5: JOSE/WILLIAN | AE5: WILLIAN | AF5: DIMENSIONAL JOSE / DESEMPENO E MONTAGEM DE CASTANHA WILLIAN
A6: 04/11/2024 | B6: 006968 | C6: 0 | D6: 0 | E6: 0 | F6: 1 | G6: 0 | H6: 0 | I6: 0 | J6: 0 | K6: RAUMAK | L6: 0084597 | M6: 03757001001 | N6: 1 | O6: 1 | P6: 0 | Q6: 0 | R6: 0 | S6: 0 | T6: 0 | U6: 0 | V6: 0 | W6: 0 | X6: 0 | Y6: 0 | Z6: 0 | AA6: 0 | AB6: 04/11/2024 | AC6: 04/11/2024 | AD6: JOSE | AE6: WILLIAN
A7: 04/11/2024 | B7: 051664 | C7: 0 | D7: 0 | E7: 0 | F7: 8 | G7: 0 | H7: 0 | I7: 0 | J7: 0 | K7: FLEXOPOWER | L7: 0083870 | M7: 03749901010 | N7: 8 | O7: 8 | P7: 0 | Q7: 0 | R7: 0 | S7: 0 | T7: 0 | U7: 0 | V7: 0 | W7: 0 | X7: 0 | Y7: 0 | Z7: 0 | AA7: 0 | AB7: 04/11/2024 | AC7: 04/11/2024 | AD7: ALEXANDRE | AE7: WILLIAN | AF7: DIMENSIONAL ALEXANDRE DESEMPENO CONFERIDO POR WILLIAN
A8: 04/11/2024 | B8: 051665 | C8: 0 | D8: 0 | E8: 0 | F8: 4 | G8: 0 | H8: 0 | I8: 0 | J8: 0 | K8: FLEXOPOWER | L8: 0083870 | M8: 03749901011 | N8: 4 | O8: 4 | P8: 0 | Q8: 0 | R8: 0 | S8: 0 | T8: 0 | U8: 0 | V8: 0 | W8: 0 | X8: 0 | Y8: 0 | Z8: 0 | AA8: 0 | AB8: 04/11/2024 | AC8: 04/11/2024 | AD8: ALEXANDRE | AE8: WILLIAN | AF8: DIMENSIONAL ALEXANDRE DESEMPENO CONFERIDO POR JOSÉ
A9: 04/11/2024 | B9: 040639 | C9: 0 | D9: 0 | E9: 0 | F9: 1 | G9: 0 | H9: 0 | I9: 0 | J9: 0 | K9: AUTOLIV | L9: 0084704 | M9: 03760801001 | N9: 1 | O9: 1 | P9: 0 | Q9: 0 | R9: 0 | S9: 0 | T9: 0 | U9: 0 | V9: 0 | W9: 0 | X9: 0 | Y9: 0 | Z9: 0 | AA9: 0 | AB9: 04/11/2024 | AC9: 04/11/2024 | AD9: WILLIAN | AE9: WILLIAN
A10: 05/11/2024 | B10: 050797 | C10: 0 | D10: 0 | E10: 0 | F10: 0 | G10: 0 | H10: 0 | I10: 2 | J10: 0 | K10: MOTOMAN | L10: 0082620 | M10: 03728701004 | N10: 2 | O10: 2 | P10: 0 | Q10: 0 | R10: 0 | S10: 0 | T10: 0 | U10: 0 | V10: 0 | W10: 0 | X10: 0 | Y10: 0 | Z10: 0 | AA10: 0 | AB10: 05/11/2024 | AC10: 05/11/2024 | AD10: JOSÉ | AE10: WILLIAN | AF10: GUIA COM 5 DÉCIMOS MENOR EM CADA CORPO COM COMPRIMENTO DE 3412.5mm E 1417.5mm TOTALIZANDO 2 MILIMETROS MENNOR NA EMENDA COMPLETA. FOI LIBEARADA DESTA FORMA
A11: 05/11/2024 | B11: 052097 | C11: 0 | D11: 0 | E11: 0 | F11: 2 | G11: 0 | H11: 0 | I11: 0 | J11: 0 | K11: COMERCIAL | L11: 0084598 | M11: 03754601001 | N11: 2 | O11: 2 | P11: 0 | Q11: 0 | R11: 0 | S11: 0 | T11: 0 | U11: 0 | V11: 0 | W11: 0 | X11: 0 | Y11: 0 | Z11: 0 | AA11: 0 | AB11: 05/11/2024 | AC11: 05/11/2024 | AD11: JOSÉ | AE11: WILLIAN
A12: 05/11/2024 | B12: 051603 | C12: 0 | D12: 0 | E12: 0 | F12: 2 | G12: 0 | H12: 0 | I12: 0 | J12: 0 | K12: MULTIPACK | L12: 0083822 | M12: 03693901001 | N12: 2 | O12: 2 | P12: 0 | Q12: 0 | R12: 0 | S12: 0 | T12: 0 | U12: 0 | V12: 0 | W12: 0 | X12: 0 | Y12: 0 | Z12: 0 | AA12: 0 | AB12: 05/11/2024 | AC12: 05/11/2024 | AD12: JOSÉ | AE12: WILLIAN
A13: 05/11/2024 | B13: 052020 | C13: 0 | D13: 0 | E13: 0 | F13: 0 | G13: 0 | H13: 0 | I13: 2 | J13: 0 | K13: COMAC | L13: 0084636 | M13: 03757301001 | N13: 2 | O13: 2 | P13: 0 | Q13: 0 | R13: 0 | S13: 0 | T13: 0 | U13: 0 | V13: 0 | W13: 0 | X13: 0 | Y13: 0 | Z13: 0 | AA13: 0 | AB13: 05/11/2024 | AC13: 05/11/2024 | AD13: JOSÉ | AE13: WILLIAN | AF13: COVER CONFERIDO POR ALEXANDRE
A14: 05/11/2024 | B14: 052136 | C14: 0 | D14: 1 | E14: 1 | F14: 0 | G14: 0 | H14: 0 | I14: 0 | J14: 0 | K14: MGFC | L14: #28959 | M14: 03750601001 | N14: 1 | O14: 1 | P14: 0 | Q14: 0 | R14: 0 | S14: 0 | T14: 0 | U14: 0 | V14: 0 | W14: 0 | X14: 0 | Y14: 0 | Z14: 0 | AA14: 0 | AB14: 05/11/2024 | AC14: 05/11/2024 | AD14: JOSÉ | AE14: WILLIAN | AF14: DESEMPENO WILLIAN
A15: 05/11/2024 | B15: 052114 | C15: 0 | D15: 0 | E15: 0 | F15: 0 | G15: 2 | H15: 0 | I15: 0 | J15: 0 | K15: MACCAFERRI | L15: 0084544 | M15: 03751801001 | N15: 2 | O15: 1 | P15: 1 | Q15: 1 | R15: 0 | S15: 0 | T15: 0 | U15: 0 | V15: 0 | W15: 0 | X15: 0 | Y15: 1 | Z15: 0 | AA15: 0 | AB15: 05/11/2024 | AC15: 05/11/2024 | AD15: JOSÉ | AE15: WILLIAN | AF15: FLANGE MAIOR 25.6MM E PRECISO MENOR 4.4MM - OCOREU COMPENSAÇÃO DE MEDIDAS
A16: 05/11/2024 | B16: 052163 | C16: 0 | D16: 0 | E16: 0 | F16: 2 | G16: 0 | H16: 0 | I16: 0 | J16: 0 | K16: CERUMAQ | L16: 0084648 | M16: 03760201001 | N16: 2 | O16: 2 | P16: 0 | Q16: 0 | R16: 0 | S16: 0 | T16: 0 | U16: 0 | V16: 0 | W16: 0 | X16: 0 | Y16: 0 | Z16: 0 | AA16: 0 | AB16: 05/11/2024 | AC16: 05/11/2024 | AD16: JOSÉ | AE16: WILLIAN | AF16: DIMENSIONAL ALEXANDRE
A17: 06/11/2024 | B17: 052103 | C17: 0 | D17: 0 | E17: 0 | F17: 1 | G17: 0 | H17: 0 | I17: 0 | J17: 0 | K17: CONAN | L17: 0084680 | M17: 03761801009 | N17: 1 | O17: 1 | P17: 0 | Q17: 0 | R17: 0 | S17: 0 | T17: 0 | U17: 0 | V17: 0 | W17: 0 | X17: 0 | Y17: 0 | Z17: 0 | AA17: 0 | AB17: 06/11/2024 | AC17: 06/11/2024 | AD17: JOSÉ | AE17: WILLIAN | AF17: NO CORPO DE 11mm DE COMPRIMENTO A MEDIDA DO DIAMETRO DE 10mm ESTÁ COM 10mm -0.1 POR QUE ERA PARA SEEGUIR O DESENHO ANTIGO E NÃO O NOVO QUE ESTA SEM A TOLERANCIA DO PEDAÇO QUE VAI O CHANFRO FINAL DA PEÇA.PEÇA FOI LIBERADA COM ESSA MEDIDA PELO DESENHO ANTIGO
A18: 06/11/2024 | B18: 045673 | C18: 1 | D18: 0 | E18: 0 | F18: 0 | G18: 0 | H18: 0 | I18: 0 | J18: 0 | K18: ALTONA | L18: ESTOQUE | M18: 03573801001 | N18: 1 | O18: 1 | P18: 0 | Q18: 0 | R18: 0 | S18: 0 | T18: 0 | U18: 0 | V18: 0 | W18: 0 | X18: 0 | Y18: 0 | Z18: 0 | AA18: 0 | AB18: 06/11/2024 | AC18: 06/11/2024 | AD18: WILLIAN | AE18: WILLIAN
A19: 06/11/2024 | B19: 050919 | C19: 0 | D19: 0 | E19: 0 | F19: 0 | G19: 5 | H19: 0 | I19: 0 | J19: 0 | K19: PX | L19: 0084349 | M19: 03751901001 | N19: 5 | O19: 5 | P19: 0 | Q19: 0 | R19: 0 | S19: 0 | T19: 0 | U19: 0 | V19: 0 | W19: 0 | X19: 0 | Y19: 0 | Z19: 0 | AA19: 0 | AB19: 06/11/2024 | AC19: 06/11/2024 | AD19: JOSÉ | AE19: WILLIAN
A20: 06/11/2024 | B20: 052102 | C20: 0 | D20: 0 | E20: 0 | F20: 1 | G20: 0 | H20: 0 | I20: 0 | J20: 0 | K20: CONAN | L20: 0084680 | M20: 03761801008 | N20: 1 | O20: 0 | P20: 1 | Q20: 1 | R20: 0 | S20: 0 | T20: 0 | U20: 0 | V20: 0 | W20: 0 | X20: 0 | Y20: 1 | Z20: 0 | AA20: 0 | AB20: 06/11/2024 | AC20: 06/11/2024 | AD20: JOSÉ | AE20: WILLIAN | AF20: FUSO MORREU O CORPO DA FRENTE DE COMPRIMENTO 15mm DIAMETRO 10mm H7 E O CORPO DE 26mm DE COMPRIMENTO DIAMETRO DE 12mm h7 ESTAVA COM 50% FORA DE TOLERÂNCIA PEÇA OI LIBERADA POSSUI RNC E EMAIL.
A21: 06/11/2024 | B21: 037490 | C21: 0 | D21: 0 | E21: 0 | F21: 0 | G21: 0 | H21: 0 | I21: 2 | J21: 0 | K21: SILBER | L21: 0084468 | M21: 03746301003 | N21: 2 | O21: 2 | P21: 0 | Q21: 0 | R21: 0 | S21: 0 | T21: 0 | U21: 0 | V21: 0 | W21: 0 | X21: 0 | Y21: 0 | Z21: 0 | AA21: 0 | AB21: 06/11/2024 | AC21: 06/11/2024 | AD21: JOSÉ | AE21: WILLIAN | AF21: GUIA SÓ FACETADA PARA EMENDA FOI GRAVADA.
A22: 06/11/2024 | B22: 052125 | C22: 0 | D22: 0 | E22: 0 | F22: 0 | G22: 0 | H22: 0 | I22: 2 | J22: 0 | K22: SILBER | L22: 0084468 | M22: 03746301004 | N22: 2 | O22: 2 | P22: 0 | Q22: 0 | R22: 0 | S22: 0 | T22: 0 | U22: 0 | V22: 0 | W22: 0 | X22: 0 | Y22: 0 | Z22: 0 | AA22: 0 | AB22: 06/11/2024 | AC22: 06/11/2024 | AD22: JOSÉ | AE22: WILLIAN
A23: 06/11/2024 | B23: 052186 | C23: 1 | D23: 0 | E23: 0 | F23: 0 | G23: 0 | H23: 0 | I23: 0 | J23: 0 | K23: ZEN | L23: 0084681 | M23: 03760401001 | N23: 1 | O23: 1 | P23: 0 | Q23: 0 | R23: 0 | S23: 0 | T23: 0 | U23: 0 | V23: 0 | W23: 0 | X23: 0 | Y23: 0 | Z23: 0 | AA23: 0 | AC23: 06/11/2024 | AD23: JOSE/ALEXANDRE | AE23: WILLIAN
A24: 06/11/2024 | B24: 051881 | C24: 0 | D24: 0 | E24: 0 | F24: 0 | G24: 0 | H24: 0 | I24: 3 | J24: 0 | K24: MACLINEA | L24: 0084590 | M24: 03753501001 | N24: 3 | O24: 2 | P24: 1 | Q24: 0 | R24: 0 | S24: 0 | T24: 0 | U24: 1 | V24: 0 | W24: 0 | X24: 0 | Y24: 0 | Z24: 1 | AA24: 0 | AB24: 06/11/2024 | AC24: 06/11/2024 | AD24: WILLIAN | AE24: WILLIAN | AF24: GUIA MORREU NA HORA DO CORTE
A25: 07/11/2024 | B25: 052152 | C25: 0 | D25: 0 | E25: 0 | F25: 1 | G25: 0 | H25: 0 | I25: 0 | J25: 0 | K25: 2D SISTEMA | L25: 0084671 | M25: 03759401003 | N25: 1 | O25: 1 | P25: 0 | Q25: 0 | R25: 0 | S25: 0 | T25: 0 | U25: 0 | V25: 0 | W25: 0 | X25: 0 | Y25: 0 | Z25: 0 | AA25: 0 | AB25: 06/11/2024 | AC25: 06/11/2024 | AD25: JOSE | AE25: WILLIAN
A26: 07/11/2024 | B26: 052153 | C26: 0 | D26: 0 | E26: 0 | F26: 1 | G26: 0 | H26: 0 | I26: 0 | J26: 0 | K26: 2D SISTEMA | L26: 0084671 | M26: 03759401004 | N26: 1 | O26: 1 | P26: 0 | Q26: 0 | R26: 0 | S26: 0 | T26: 0 | U26: 0 | V26: 0 | W26: 0 | X26: 0 | Y26: 0 | Z26: 0 | AA26: 0 | AB26: 06/11/2024 | AC26: 06/11/2024 | AD26: JOSE/ALEXANDRE | AE26: WILLIAN
A27: 07/11/2024 | B27: 050922 | C27: 1 | D27: 0 | E27: 1 | F27: 0 | G27: 0 | H27: 0 | I27: 0 | J27: 0 | K27: NEUMAYER | L27: 0081637 | M27: 03747601001 | N27: 1 | O27: 0 | P27: 1 | Q27: 1 | R27: 0 | S27: 0 | T27: 0 | U27: 0 | V27: 0 | W27: 0 | X27: 0 | Y27: 1 | Z27: 0 | AA27: 0 | AB27: 07/11/2024 | AC27: 07/11/2024 | AD27: WILLIAN/ALEXANDRE | AE27: WILLIAN | AF27: AO REALIZAR A FURAÇÃO DO PARAFUSO DO RECIRCULADOR, O OPERADOR NÃO SE ATENTOU E PASSOU COM A FRESA ATE O FUSO
A28: 08/11/2024 | B28: 050763 | C28: 0 | D28: 0 | E28: 0 | F28: 3 | G28: 0 | H28: 0 | I28: 0 | J28: 0 | K28: OVERDRILL | L28: 0084577 | M28: 03755201002 | N28: 3 | O28: 3 | P28: 0 | Q28: 0 | R28: 0 | S28: 0 | T28: 0 | U28: 0 | V28: 0 | W28: 0 | X28: 0 | Y28: 0 | Z28: 0 | AA28: 0 | AB28: 08/11/2024 | AC28: 08/11/2024 | AD28: JOSÉ | AE28: WILLIAN
A29: 08/11/2024 | B29: 049469 | C29: 0 | D29: 0 | E29: 0 | F29: 6 | G29: 0 | H29: 0 | I29: 0 | J29: 0 | K29: OVERDRILL | L29: 0084577 | M29: 03755201001 | N29: 6 | O29: 6 | P29: 0 | Q29: 0 | R29: 0 | S29: 0 | T29: 0 | U29: 0 | V29: 0 | W29: 0 | X29: 0 | Y29: 0 | Z29: 0 | AA29: 0 | AB29: 08/11/2024 | AC29: 08/11/2024 | AD29: JOSÉ | AE29: WILLIAN | AF29: DIMENCIONAL ALEXANDRE / INSPEÇÃO JOSE / ENTREGA PARCIAL FUSO 1 E 6
A30: 08/11/2024 | B30: 051873 | C30: 1 | D30: 0 | E30: 0 | F30: 0 | G30: 0 | H30: 0 | I30: 0 | J30: 0 | K30: ALZILAN | L30: BP#31868 | M30: - | N30: 1 | O30: 0 | P30: 1 | Q30: 1 | R30: 0 | S30: 0 | T30: 0 | U30: 0 | V30: 0 | W30: 0 | X30: 0 | Y30: 1 | Z30: 0 | AA30: 0 | AB30: 08/11/2024 | AC30: 08/11/2024 | AD30: JOSÉ | AE30: WILLIAN | AF30: DIAMETRO DE 24,5mm H7(0/-0,021), FICOU UMA REGIAO DE 5mm DE COMPRIMENTO COM -0,05/-0,06.
A31: 08/11/2024 | B31: 037267 | C31: 0 | D31: 0 | E31: 0 | F31: 2 | G31: 0 | H31: 0 | I31: 0 | J31: 0 | K31: S V G | L31: 0068870 | M31: 03687901003 | N31: 2 | O31: 2 | P31: 0 | Q31: 0 | R31: 0 | S31: 0 | T31: 0 | U31: 0 | V31: 0 | W31: 0 | X31: 0 | Y31: 0 | Z31: 0 | AA31: 0 | AB31: 08/11/2024 | AC31: 08/11/2024 | AD31: JOSÉ | AE31: WILLIAN
A32: 08/11/2024 | B32: 052196 | C32: 0 | D32: 0 | E32: 0 | F32: 1 | G32: 0 | H32: 1 | I32: 0 | J32: 0 | K32: MAHLE | L32: 0084716 | M32: 03763101001 | N32: 1 | O32: 1 | P32: 0 | Q32: 0 | R32: 0 | S32: 0 | T32: 0 | U32: 0 | V32: 0 | W32: 0 | X32: 0 | Y32: 0 | Z32: 0 | AA32: 0 | AB32: 08/11/2024 | AC32: 08/11/2024 | AD32: WILLIAN | AE32: WILLIAN
A33: 08/11/2024 | B33: 052000 | C33: 1 | D33: 0 | E33: 1 | F33: 0 | G33: 0 | H33: 0 | I33: 0 | J33: 0 | K33: CASTERTECH | L33: 0084480 | M33: 03752201001 | N33: 1 | O33: 1 | P33: 0 | Q33: 0 | R33: 0 | S33: 0 | T33: 0 | U33: 0 | V33: 0 | W33: 0 | X33: 0 | Y33: 0 | Z33: 0 | AA33: 0 | AB33: 08/11/2024 | AC33: 08/11/2024 | AD33: WILLIAN/ALEXANDRE | AE33: WILLIAN | AF33: DIMENSIONAL ALEXANDRE / CONFERENCIA DESEMPENO E MONTAGEM DE CASTANHA WILLIAN
A34: 08/11/2024 | B34: 051967 | C34: 0 | D34: 0 | E34: 0 | F34: 0 | G34: 0 | H34: 0 | I34: 2 | J34: 0 | K34: T & M | L34: 0084621 | M34: 03762001013 | N34: 2 | O34: 2 | P34: 0 | Q34: 0 | R34: 0 | S34: 0 | T34: 0 | U34: 0 | V34: 0 | W34: 0 | X34: 0 | Y34: 0 | Z34: 0 | AA34: 0 | AB34: 08/11/2024 | AC34: 08/11/2024 | AD34: JOSE | AE34: WILLIAN
A35: 08/11/2024 | B35: 051986 | C35: 0 | D35: 0 | E35: 0 | F35: 0 | G35: 0 | H35: 0 | I35: 2 | J35: 0 | K35: COMERCIAL | L35: 0084446 | M35: 03771601002 | N35: 2 | O35: 2 | P35: 0 | Q35: 0 | R35: 0 | S35: 0 | T35: 0 | U35: 0 | V35: 0 | W35: 0 | X35: 0 | Y35: 0 | Z35: 0 | AA35: 0 | AB35: 08/11/2024 | AC35: 08/11/2024 | AD35: JOSÉ | AE35: WILLIAN | AF35: LIBERADO SEM USINAR COM TOLERÂNCIA DE CORTE
A36: 08/11/2024 | B36: 051983 | C36: 0 | D36: 0 | E36: 0 | F36: 0 | G36: 0 | H36: 0 | I36: 2 | J36: 0 | K36: COMERCIAL | L36: 0084445 | M36: 03771501001 | N36: 2 | O36: 2 | P36: 0 | Q36: 0 | R36: 0 | S36: 0 | T36: 0 | U36: 0 | V36: 0 | W36: 0 | X36: 0 | Y36: 0 | Z36: 0 | AA36: 0 | AB36: 08/11/2024 | AC36: 08/11/2024 | AD36: JOSÉ | AE36: WILLIAN | AF36: LIBERADO SEM USINAR COM TOLERÂNCIA DE CORTE
A37: 08/11/2024 | B37: 051984 | C37: 0 | D37: 0 | E37: 0 | F37: 0 | G37: 0 | H37: 0 | I37: 2 | J37: 0 | K37: COMERCIAL | L37: 0084446 | M37: 03771601001 | N37: 2 | O37: 2 | P37: 0 | Q37: 0 | R37: 0 | S37: 0 | T37: 0 | U37: 0 | V37: 0 | W37: 0 | X37: 0 | Y37: 0 | Z37: 0 | AA37: 0 | AB37: 08/11/2024 | AC37: 08/11/2024 | AD37: JOSÉ | AE37: WILLIAN | AF37: LIBERADO SEM USINAR COM TOLERÂNCIA DE CORTE
A38: 08/11/2024 | B38: 52215 | C38: 0 | D38: 0 | E38: 0 | F38: 2 | G38: 0 | H38: 0 | I38: 0 | J38: 0 | K38: RANDON | L38: 84767 | M38: 03767501001 | N38: 2 | O38: 2 | P38: 0 | Q38: 0 | R38: 0 | S38: 0 | T38: 0 | U38: 0 | V38: 0 | W38: 0 | X38: 0 | Y38: 0 | Z38: 0 | AA38: 0 | AB38: 08/11/2024 | AC38: 08/11/2024 | AD38: WILLIAN | AE38: WILLIAN | AF38: ALEXANDRE MONTOU CASTANHA E FEZ LAUDO
A39: 08/11/2024 | B39: 52131 | C39: 0 | D39: 0 | E39: 0 | F39: 1 | G39: 0 | H39: 0 | I39: 0 | J39: 0 | K39: INDUCTOHERM | L39: 84604 | M39: 03756401001 | N39: 1 | O39: 1 | P39: 0 | Q39: 0 | R39: 0 | S39: 0 | T39: 0 | U39: 0 | V39: 0 | W39: 0 | X39: 0 | Y39: 0 | Z39: 0 | AA39: 0 | AB39: 08/11/2024 | AC39: 08/11/2024 | AD39: WILLIAN | AE39: WILLIAN | AF39: ALEXANDRE MONTOU CASTANHA E FEZ LAUDO
A40: 08/11/2024 | B40: 052046 | C40: 0 | D40: 0 | E40: 0 | F40: 1 | G40: 0 | H40: 0 | I40: 0 | J40: 0 | K40: VANTEC | L40: 0084643 | M40: 03762501001 | N40: 1 | O40: 1 | P40: 0 | Q40: 0 | R40: 0 | S40: 0 | T40: 0 | U40: 0 | V40: 0 | W40: 0 | X40: 0 | Y40: 0 | Z40: 0 | AA40: 0 | AB40: 08/11/2024 | AC40: 08/11/2024 | AD40: WILLIAN | AE40: WILLIAN | AF40: JOSÉ MONTOU CASTANHA E DIMENSIONAL DESEMPENO WILLIAN
A41: 11/11/2024 | B41: 045800 | C41: 0 | D41: 0 | E41: 0 | F41: 1 | G41: 0 | H41: 0 | I41: 0 | J41: 0 | K41: EATON | L41: 0084721 | M41: 03763801001 | N41: 1 | O41: 1 | P41: 0 | Q41: 0 | R41: 0 | S41: 0 | T41: 0 | U41: 0 | V41: 0 | W41: 0 | X41: 0 | Y41: 0 | Z41: 0 | AA41: 0 | AB41: 11/11/2024 | AC41: 11/11/2024 | AD41: JOSÉ | AE41: WILLIAN
A42: 11/11/2024 | B42: 050579 | C42: 0 | D42: 0 | E42: 0 | F42: 1 | G42: 0 | H42: 0 | I42: 0 | J42: 0 | K42: MULTI PACK | L42: 0083755 | M42: 03752401001 | N42: 1 | O42: 1 | P42: 0 | Q42: 0 | R42: 0 | S42: 0 | T42: 0 | U42: 0 | V42: 0 | W42: 0 | X42: 0 | Y42: 0 | Z42: 0 | AA42: 0 | AB42: 11/11/2024 | AC42: 11/11/2024 | AD42: JOSÉ | AE42: WILLIAN | AF42: DIMENSIONAL E MONTAGEM CASTANHA - ALEXANDRE
A43: 11/11/2024 | B43: 049523 | C43: 0 | D43: 0 | E43: 0 | F43: 1 | G43: 0 | H43: 0 | I43: 0 | J43: 0 | K43: MULTI PACK | L43: 0083755 | M43: 03752401002 | N43: 1 | O43: 1 | P43: 0 | Q43: 0 | R43: 0 | S43: 0 | T43: 0 | U43: 0 | V43: 0 | W43: 0 | X43: 0 | Y43: 0 | Z43: 0 | AA43: 0 | AB43: 11/11/2024 | AC43: 11/11/2024 | AD43: JOSÉ | AE43: WILLIAN | AF43: DIMENSIONAL E MONTAGEM CASTANHA - ALEXANDRE
A44: 11/11/2024 | B44: 052191 | C44: 0 | D44: 0 | E44: 0 | F44: 1 | G44: 0 | H44: 0 | I44: 0 | J44: 0 | K44: HENRIQUE CESAR | L44: 0084735 | M44: 03764801005 | N44: 1 | O44: 1 | P44: 0 | Q44: 0 | R44: 0 | S44: 0 | T44: 0 | U44: 0 | V44: 0 | W44: 0 | X44: 0 | Y44: 0 | Z44: 0 | AA44: 0 | AB44: 11/11/2024 | AC44: 11/11/2024 | AD44: JOSÉ | AE44: WILLIAN
A45: 12/11/2024 | B45: 052092 | C45: 0 | D45: 0 | E45: 0 | F45: 1 | G45: 1 | H45: 0 | I45: 0 | J45: 0 | K45: FACCHINI S/A | L45: 0084872 | M45: 03776201001 | N45: 1 | O45: 1 | P45: 0 | Q45: 0 | R45: 0 | S45: 0 | T45: 0 | U45: 0 | V45: 0 | W45: 0 | X45: 0 | Y45: 0 | Z45: 0 | AA45: 0 | AB45: 12/11/2024 | AC45: 12/11/2024 | AD45: JOSÉ | AE45: WILLIAN | AF45: DIMENSIONAL - ALEXANDRE MONTAGEM - JOSE obs confirmar se e fuso adaptado
A46: 12/11/2024 | B46: 050050 | C46: 0 | D46: 0 | E46: 0 | F46: 2 | G46: 0 | H46: 0 | I46: 0 | J46: 0 | K46: NEWTON | L46: 0084694 | M46: 03762101004 | N46: 2 | O46: 2 | P46: 0 | Q46: 0 | R46: 0 | S46: 0 | T46: 0 | U46: 0 | V46: 0 | W46: 0 | X46: 0 | Y46: 0 | Z46: 0 | AA46: 0 | AB46: 12/11/2024 | AC46: 12/11/2024 | AD46: JOSÉ | AE46: WILLIAN | AF46: DIMENSIONAL E MONTAGEM - JOSE
A47: 12/11/2024 | B47: 051328 | C47: 1 | D47: 0 | E47: 0 | F47: 0 | G47: 0 | H47: 0 | I47: 0 | J47: 0 | K47: DOCOL | L47: 0084882 | M47: 03777601001 | N47: 1 | O47: 1 | P47: 0 | Q47: 0 | R47: 0 | S47: 0 | T47: 0 | U47: 0 | V47: 0 | W47: 0 | X47: 0 | Y47: 0 | Z47: 0 | AA47: 0 | AB47: 12/11/2024 | AC47: 12/11/2024 | AD47: JOSÉ | AE47: WILLIAN | AF47: DIMENSIONAL E MONTAGEM - JOSE
A48: 12/11/2024 | B48: 052037 | C48: 0 | D48: 0 | E48: 0 | F48: 1 | G48: 1 | H48: 0 | I48: 0 | J48: 0 | K48: DANA | L48: 0084484 | M48: 03753601001 | N48: 1 | O48: 1 | P48: 0 | Q48: 0 | R48: 0 | S48: 0 | T48: 0 | U48: 0 | V48: 0 | W48: 0 | X48: 0 | Y48: 0 | Z48: 0 | AA48: 0 | AB48: 12/11/2024 | AC48: 12/11/2024 | AD48: ALEXANDRE | AE48: WILLIAN | AF48: DESEMPENO CONFERIDO POR JOSÉ E WILLIAN DIMENSIONAL ALEXANDRE
A49: 12/11/2024 | B49: 052037 | C49: 0 | D49: 0 | E49: 0 | F49: 1 | G49: 1 | H49: 0 | I49: 0 | J49: 0 | K49: DANA | L49: 0084483 | M49: 03752801001 | N49: 1 | O49: 1 | P49: 0 | Q49: 0 | R49: 0 | S49: 0 | T49: 0 | U49: 0 | V49: 0 | W49: 0 | X49: 0 | Y49: 0 | Z49: 0 | AA49: 0 | AB49: 12/11/2024 | AC49: 12/11/2024 | AD49: ALEXANDRE | AE49: WILLIAN | AF49: DESEMPENO CONFERIDO POR JOSÉ E WILLIAN DIMENSIONAL ALEXANDRE
A50: 12/11/2024 | B50: 052256 | C50: 1 | D50: 0 | E50: 1 | F50: 0 | G50: 0 | H50: 0 | I50: 0 | J50: 0 | K50: EATON | L50: 0084872 | M50: 03776201001 | N50: 1 | O50: 0 | P50: 1 | Q50: 1 | R50: 0 | S50: 0 | T50: 0 | U50: 0 | V50: 0 | W50: 0 | X50: 0 | Y50: 1 | Z50: 0 | AA50: 0 | AB50: 12/11/2024 | AC50: 12/11/2024 | AD50: WILLIAN | AE50: WILLIAN | AF50: ROSCA M35X1,5 AMASSADA E CAVACO NA ROSCA INTERNA M6X1,0
A51: 12/11/2024 | B51: 051958 | C51: 0 | D51: 0 | E51: 0 | F51: 2 | G51: 2 | H51: 0 | I51: 0 | J51: 0 | K51: DANA | L51: 0084483 | M51: 03752801002 | N51: 2 | O51: 2 | P51: 0 | Q51: 0 | R51: 0 | S51: 0 | T51: 0 | U51: 0 | V51: 0 | W51: 0 | X51: 0 | Y51: 0 | Z51: 0 | AA51: 0 | AB51: 12/11/2024 | AC51: 12/11/2024 | AD51: JOSE/ALEXANDRE | AE51: WILLIAN
A52: 12/11/2024 | B52: 051958 | C52: 0 | D52: 0 | E52: 0 | F52: 2 | G52: 2 | H52: 0 | I52: 0 | J52: 0 | K52: DANA | L52: 0084484 | M52: 03753601002 | N52: 2 | O52: 2 | P52: 0 | Q52: 0 | R52: 0 | S52: 0 | T52: 0 | U52: 0 | V52: 0 | W52: 0 | X52: 0 | Y52: 0 | Z52: 0 | AA52: 0 | AB52: 12/11/2024 | AC52: 12/11/2024 | AD52: JOSE/ALEXANDRE | AE52: WILLIAN
A53: 13/11/2024 | B53: 035693 | C53: 0 | D53: 0 | E53: 0 | F53: 2 | G53: 0 | H53: 0 | I53: 0 | J53: 0 | K53: NEWTON | L53: 0084694 | M53: 03762101006 | N53: 2 | O53: 2 | P53: 0 | Q53: 0 | R53: 0 | S53: 0 | T53: 0 | U53: 0 | V53: 0 | W53: 0 | X53: 0 | Y53: 0 | Z53: 0 | AA53: 0 | AB53: 13/11/2024 | AC53: 13/11/2024 | AD53: JOSE | AE53: WILLIAN | AF53: INSPEÇÃO DIMENSIONAL ALEXANDRE/ MONTAGEM DE CASTANHA E PRÉ CARGA ALEXANDRE
A54: 13/11/2024 | B54: 051843 | C54: 0 | D54: 0 | E54: 0 | F54: 1 | G54: 0 | H54: 0 | I54: 0 | J54: 0 | K54: LINEARTEC | L54: 0084230 | M54: 03780401001 | N54: 1 | O54: 1 | P54: 0 | Q54: 0 | R54: 0 | S54: 0 | T54: 0 | U54: 0 | V54: 0 | W54: 0 | X54: 0 | Y54: 0 | Z54: 0 | AA54: 0 | AB54: 13/11/2024 | AC54: 13/11/2024 | AD54: JOSE | AE54: WILLIAN | AF54: FUSO COM PONTOS DE CRATERIZAÇÃO LIBERADO PELO SR. PEDRO
A55: 13/11/2024 | B55: 050919 | C55: 0 | D55: 0 | E55: 0 | F55: 0 | G55: 3 | H55: 0 | I55: 0 | J55: 0 | K55: SBA | L55: 0084837 | M55: 03773601001 | N55: 3 | O55: 3 | P55: 0 | Q55: 0 | R55: 0 | S55: 0 | T55: 0 | U55: 0 | V55: 0 | W55: 0 | X55: 0 | Y55: 0 | Z55: 0 | AA55: 0 | AB55: 13/11/2024 | AC55: 13/11/2024 | AD55: ALEXANDRE | AE55: WILLIAN
A56: 13/11/2024 | B56: 052253 | C56: 1 | D56: 1 | E56: 0 | F56: 0 | G56: 0 | H56: 0 | I56: 0 | J56: 0 | K56: AAM | L56: 0084852 | M56: 03774601001 | N56: 1 | O56: 1 | P56: 0 | Q56: 0 | R56: 0 | S56: 0 | T56: 0 | U56: 0 | V56: 0 | W56: 0 | X56: 0 | Y56: 0 | Z56: 0 | AA56: 0 | AB56: 13/11/2024 | AC56: 13/11/2024 | AD56: ALEXANDRE | AE56: WILLIAN
A57: 18/11/2024 | B57: 038983 | C57: 0 | D57: 0 | E57: 0 | F57: 2 | G57: 0 | H57: 0 | I57: 0 | J57: 0 | K57: MAHLE | L57: 0084941 | M57: 03779201001 | N57: 2 | O57: 2 | P57: 0 | Q57: 0 | R57: 0 | S57: 0 | T57: 0 | U57: 0 | V57: 0 | W57: 0 | X57: 0 | Y57: 0 | Z57: 0 | AA57: 0 | AB57: 18/11/2024 | AC57: 18/11/2024 | AD57: WILLIAN | AE57: WILLIAN | AF57: DESEMPENO E DIMENSIONAL DIAMETRO WILLIA/ COMPRIMENTO E MONTAGEM DE CASTANHA JOSE
A58: 18/11/2024 | B58: 052291 | C58: 0 | D58: 0 | E58: 0 | F58: 2 | G58: 0 | H58: 0 | I58: 0 | J58: 0 | K58: MAHLE | L58: 0084941 | M58: 03779201004 | N58: 2 | O58: 2 | P58: 0 | Q58: 0 | R58: 0 | S58: 0 | T58: 0 | U58: 0 | V58: 0 | W58: 0 | X58: 0 | Y58: 0 | Z58: 0 | AA58: 0 | AB58: 18/11/2024 | AC58: 18/11/2024 | AD58: ALEXANDRE | AE58: WILLIAN | AF58: DESEMPENO E OMTAGEM DE CASTANHA JOSE / DIMENSIONAL ALEXANDRE
A59: 18/11/2024 | B59: 052217 | C59: 1 | D59: 0 | E59: 0 | F59: 0 | G59: 0 | H59: 0 | I59: 0 | J59: 0 | K59: HITACHI | L59: 0082111 | M59: 03766301001 | N59: 1 | O59: 0 | P59: 1 | Q59: 1 | R59: 0 | S59: 0 | T59: 0 | U59: 0 | V59: 0 | W59: 0 | X59: 0 | Y59: 0 | Z59: 0 | AA59: 0 | AB59: 18/11/2024 | AC59: 18/11/2024 | AD59: JOSÉ | AE59: WILLIAN | AF59: A PEÇA TEM EMAIL LIBERANDO A BUCHA QUE ERA 12mm DE COMPRIMENTO PARA 14,5mm DE COMPRIMENTO
A60: 18/11/2024 | B60: 043027 | C60: 0 | D60: 0 | E60: 0 | F60: 1 | G60: 0 | H60: 0 | I60: 0 | J60: 0 | K60: EATON LTDA | L60: 0084725 | M60: 03765401001 | N60: 1 | O60: 0 | P60: 1 | Q60: 0 | R60: 0 | S60: 0 | T60: 0 | U60: 0 | V60: 1 | W60: 0 | X60: 0 | Y60: 1 | Z60: 0 | AA60: 0 | AB60: 18/11/2024 | AC60: 18/11/2024 | AD60: JOSE/ALEXANDRE | AE60: WILLIAN | AF60: DESENHO NÃO CONSTAVA USINAGEM DA CASTANHA BIFACETADA - CHAVETA MAIOR DP ESTAVA 2,5mm CORRETO É 3mm
A61: 18/11/2024 | B61: 051829 | C61: 1 | D61: 0 | E61: 0 | F61: 0 | G61: 0 | H61: 0 | I61: 0 | J61: 0 | K61: KOLBENSCHMIDT | L61: 0084908 | M61: 03779601001 | N61: 1 | O61: 1 | P61: 0 | Q61: 0 | R61: 0 | S61: 0 | T61: 0 | U61: 0 | V61: 0 | W61: 0 | X61: 0 | Y61: 0 | Z61: 0 | AA61: 0 | AB61: 18/11/2024 | AC61: 18/11/2024 | AD61: WILLIAN/JOSÉ | AE61: WILLIAN | AF61: DESEMPENO E DIAMETROS WILLIAN COMPRIMENTOS E CASTANHA JOSÉ
A62: 18/11/2024 | B62: 041142 | C62: 0 | D62: 0 | E62: 0 | F62: 1 | G62: 0 | H62: 0 | I62: 0 | J62: 0 | K62: OPTIMA | L62: 0084917 | M62: 03778701001 | N62: 1 | O62: 1 | P62: 0 | Q62: 0 | R62: 0 | S62: 0 | T62: 0 | U62: 0 | V62: 0 | W62: 0 | X62: 0 | Y62: 0 | Z62: 0 | AA62: 0 | AB62: 18/11/2024 | AC62: 18/11/2024 | AD62: ALEXANDRE | AE62: WILLIAN | AF62: MONTAGEM E DIMENSIONAL
A63: 18/11/2024 | B63: 043190 | C63: 0 | D63: 0 | E63: 0 | F63: 1 | G63: 0 | H63: 0 | I63: 0 | J63: 0 | K63: OPTIMA | L63: 0084917 | M63: 03778701002 | N63: 1 | O63: 1 | P63: 0 | Q63: 0 | R63: 0 | S63: 0 | T63: 0 | U63: 0 | V63: 0 | W63: 0 | X63: 0 | Y63: 0 | Z63: 0 | AA63: 0 | AB63: 18/11/2024 | AC63: 18/11/2024 | AD63: ALEXANDRE | AE63: WILLIAN | AF63: MONTAGEM E DIMENSIONAL
A64: 18/11/2024 | B64: 052286 | C64: 0 | D64: 0 | E64: 0 | F64: 0 | G64: 0 | H64: 0 | I64: 1 | J64: 0 | K64: PNEUMATICA | L64: 0084920 | M64: 03778801001 | N64: 1 | O64: 0 | P64: 1 | Q64: 1 | R64: 0 | S64: 0 | T64: 0 | U64: 0 | V64: 0 | W64: 0 | X64: 0 | Y64: 1 | Z64: 0 | AA64: 0 | AB64: 18/11/2024 | AC64: 18/11/2024 | AD64: JOSE/ALEXANDRE | AE64: WILLIAN | AF64: JOSE - PARALELO FORA DE ESQUADRO 0.05 - ALEXANDRE - SEGUNDA CONFERENCIA
A65: 18/11/2024 | B65: 044052 | C65: 0 | D65: 0 | E65: 0 | F65: 0 | G65: 0 | H65: 0 | I65: 0 | J65: 0 | K65: GERALDISCOS | L65: 0084943 | M65: 03779701002 | N65: 1 | O65: 1 | P65: 0 | Q65: 0 | R65: 0 | S65: 0 | T65: 0 | U65: 0 | V65: 0 | W65: 0 | X65: 0 | Y65: 0 | Z65: 0 | AA65: 0 | AB65: 18/11/2024 | AC65: 18/11/2024 | AD65: WILLIAN/ALEXANDRE | AE65: WILLIAN | AF65: DIMENCIONAL E MONTAGEM
A66: 18/11/2024 | B66: 052302 | C66: 0 | D66: 0 | E66: 0 | F66: 0 | G66: 0 | H66: 0 | I66: 0 | J66: 0 | K66: GERALDISCOS | L66: 0084943 | M66: 03779701001 | N66: 1 | O66: 1 | P66: 0 | Q66: 0 | R66: 0 | S66: 0 | T66: 0 | U66: 0 | V66: 0 | W66: 0 | X66: 0 | Y66: 0 | Z66: 0 | AA66: 0 | AB66: 18/11/2024 | AC66: 18/11/2024 | AD66: WILLIAN/ALEXANDRE | AE66: WILLIAN
A67: 19/11/2024 | C67: 0 | D67: 0 | E67: 0 | F67: 0 | G67: 0 | H67: 0 | I67: 0 | J67: 0 | K67: VANTEC 1285mm | N67: 4 | O67: 4 | P67: 0 | Q67: 0 | R67: 0 | S67: 0 | T67: 0 | U67: 0 | V67: 0 | W67: 0 | X67: 0 | Y67: 0 | Z67: 0 | AA67: 0
A68: 19/11/2024 | C68: 0 | D68: 0 | E68: 0 | F68: 0 | G68: 0 | H68: 0 | I68: 0 | J68: 0 | K68: VANTEC 720mm | N68: 2 | O68: 2 | P68: 0 | Q68: 0 | R68: 0 | S68: 0 | T68: 0 | U68: 0 | V68: 0 | W68: 0 | X68: 0 | Y68: 0 | Z68: 0 | AA68: 0
A69: 19/11/2024 | C69: 0 | D69: 0 | E69: 0 | F69: 0 | G69: 0 | H69: 0 | I69: 0 | J69: 0 | K69: VANTEC 940mm | N69: 6 | O69: 4 | P69: 2 | Q69: 2 | R69: 0 | S69: 0 | T69: 0 | U69: 0 | V69: 0 | W69: 0 | X69: 0 | Y69: 0 | Z69: 0 | AA69: 0 | AF69: peça fora da tolerancia 3 décimos no comprimento mas foi liberada
A70: 19/11/2024 | B70: 051168 | C70: 0 | D70: 0 | E70: 0 | F70: 2 | G70: 0 | H70: 0 | I70: 0 | J70: 0 | K70: SCHULZ | L70: 0083347 | M70: 03628401009 | N70: 2 | O70: 2 | P70: 0 | Q70: 0 | R70: 0 | S70: 0 | T70: 0 | U70: 0 | V70: 0 | W70: 0 | X70: 0 | Y70: 0 | Z70: 0 | AA70: 0 | AB70: 19/11/2024 | AC70: 19/11/2024 | AD70: WILLIAN | AE70: WILLIAN
A71: 19/11/2024 | B71: 043621 | C71: 0 | D71: 0 | E71: 0 | F71: 1 | G71: 0 | H71: 0 | I71: 0 | J71: 0 | K71: NIDEC | L71: 0083053 | M71: 03776801001 | N71: 1 | O71: 1 | P71: 0 | Q71: 0 | R71: 0 | S71: 0 | T71: 0 | U71: 0 | V71: 0 | W71: 0 | X71: 0 | Y71: 0 | Z71: 0 | AA71: 0 | AB71: 19/11/2024 | AC71: 19/11/2024 | AD71: JOSÉ/ALEXANDRE | AE71: WILLIAN | AF71: JOSÉ DESEMPENOU ALEXANDRE DIMENSIONOU
A72: 21/11/2024 | B72: 052314 | C72: 1 | D72: 0 | E72: 0 | F72: 0 | G72: 0 | H72: 0 | I72: 0 | J72: 0 | K72: LINEARTEC | L72: - | M72: 03781901001 | N72: 1 | O72: 1 | P72: 0 | Q72: 0 | R72: 0 | S72: 0 | T72: 0 | U72: 0 | V72: 0 | W72: 0 | X72: 0 | Y72: 0 | Z72: 0 | AA72: 0 | AB72: 21/11/2024 | AC72: 21/11/2024 | AD72: WILLIAN/ALEXANDRE | AE72: WILLIAN | AF72: MONTAGEM E DIMENSIONAL ALEXANDRE
A73: 21/11/2024 | B73: 052029 | C73: 0 | D73: 0 | E73: 0 | F73: 2 | G73: 0 | H73: 0 | I73: 0 | J73: 0 | K73: ENGINEERING | L73: 0084538 | M73: 03759301002 | N73: 2 | O73: 2 | P73: 0 | Q73: 0 | R73: 0 | S73: 0 | T73: 0 | U73: 0 | V73: 0 | W73: 0 | X73: 0 | Y73: 0 | Z73: 0 | AA73: 0 | AB73: 21/11/2024 | AC73: 21/11/2024 | AD73: ALEXANDRE | AE73: WILLIAN | AF73: DIMENSIONAL ALEXANDRE
A74: 21/11/2024 | B74: 052030 | C74: 0 | D74: 0 | E74: 0 | F74: 1 | G74: 0 | H74: 0 | I74: 0 | J74: 0 | K74: ENGINEERING | L74: 0084538 | M74: 03759301003 | N74: 1 | O74: 1 | P74: 0 | Q74: 0 | R74: 0 | S74: 0 | T74: 0 | U74: 0 | V74: 0 | W74: 0 | X74: 0 | Y74: 0 | Z74: 0 | AA74: 0 | AB74: 21/11/2024 | AC74: 21/11/2024 | AD74: JOSE | AE74: WILLIAN | AF74: DIMENSIONAL JOSE - RELOGIO ALEXANDRE
A75: 21/11/2024 | C75: 0 | D75: 0 | E75: 0 | F75: 0 | G75: 0 | H75: 0 | I75: 0 | J75: 0 | K75: ENGINEERING | P75: 0 | Q75: 0 | R75: 0 | S75: 0 | T75: 0 | U75: 0 | V75: 0 | W75: 0 | X75: 0 | Y75: 0 | Z75: 0 | AA75: 0
A76: 21/11/2024 | B76: 035896 | C76: 0 | D76: 0 | E76: 0 | F76: 0 | G76: 0 | H76: 1 | I76: 0 | J76: 0 | K76: MAHLE | L76: 0084751 | M76: 03766801001 | N76: 1 | O76: 1 | P76: 0 | Q76: 0 | R76: 0 | S76: 0 | T76: 0 | U76: 0 | V76: 0 | W76: 0 | X76: 0 | Y76: 0 | Z76: 0 | AA76: 0 | AB76: 21/11/2024 | AC76: 21/11/2024 | AD76: JOSÉ | AE76: WILLIAN
A77: 21/11/2024 | B77: 052028 | C77: 0 | D77: 0 | E77: 0 | F77: 1 | G77: 0 | H77: 0 | I77: 0 | J77: 0 | K77: ENGINEERING | L77: 0084538 | M77: 03759301001 | N77: 1 | O77: 1 | P77: 0 | Q77: 0 | R77: 0 | S77: 0 | T77: 0 | U77: 0 | V77: 0 | W77: 0 | X77: 0 | Y77: 0 | Z77: 0 | AA77: 0 | AB77: 21/11/2024 | AC77: 21/11/2024 | AD77: ALE/JOSE
A78: 21/11/2024 | B78: 052084 | C78: 0 | D78: 0 | E78: 0 | F78: 1 | G78: 0 | H78: 0 | I78: 0 | J78: 0 | K78: LINCOLN | L78: 0084682 | M78: 03767101001 | N78: 1 | O78: 1 | P78: 0 | Q78: 0 | R78: 0 | S78: 0 | T78: 0 | U78: 0 | V78: 0 | W78: 0 | X78: 0 | Y78: 0 | Z78: 0 | AA78: 0 | AB78: 21/11/2024 | AC78: 21/11/2024 | AD78: JOSÉ | AE78: WILLIAN | AF78: DESEMPENO JOSÉ DIMENSIONAL WILLIAN
A79: 21/11/2024 | B79: 52028 | C79: 0 | D79: 0 | E79: 0 | F79: 1 | G79: 0 | H79: 0 | I79: 0 | J79: 0 | K79: ENGINEERING | L79: 84538 | M79: 3759301001 | N79: 1 | O79: 1 | P79: 0 | Q79: 0 | R79: 0 | S79: 0 | T79: 0 | U79: 0 | V79: 0 | W79: 0 | X79: 0 | Y79: 0 | Z79: 0 | AA79: 0 | AB79: 21/11/2024 | AC79: 21/11/2024 | AD79: ALEXANDRE | AE79: WILLIAN | AF79: DESEMPENO CONFERIDO JOSÉ
A80: 21/11/2024 | B80: 52032 | C80: 0 | D80: 0 | E80: 0 | F80: 2 | G80: 0 | H80: 0 | I80: 0 | J80: 0 | K80: ENGINEERING | L80: 84538 | M80: 3759301005 | N80: 2 | O80: 2 | P80: 0 | Q80: 0 | R80: 0 | S80: 0 | T80: 0 | U80: 0 | V80: 0 | W80: 0 | X80: 0 | Y80: 0 | Z80: 0 | AA80: 0 | AB80: 21/11/2024 | AC80: 21/11/2024 | AD80: ALEXANDRE | AE80: WILLIAN | AF80: DESEMPENO CONFERIDO JOSÉ
A81: 21/11/2024 | B81: 050695 | C81: 0 | D81: 0 | E81: 0 | F81: 0 | G81: 2 | H81: 0 | I81: 0 | J81: 0 | K81: COMERCIAL | L81: 0084717 | M81: 03763601003 | N81: 2 | O81: 2 | P81: 0 | Q81: 0 | R81: 0 | S81: 0 | T81: 0 | U81: 0 | V81: 0 | W81: 0 | X81: 0 | Y81: 0 | Z81: 0 | AA81: 0 | AB81: 21/11/2024 | AC81: 21/11/2024 | AD81: JOSÉ | AE81: WILLIAN | AF81: CASTANHA 7 DECIMOS MENOR NO COMPRIMENTO ENVIAR LAUDO
C82: 0 | D82: 0 | E82: 0 | F82: 4 | G82: 0 | H82: 0 | I82: 0 | J82: 0 | K82: COMERCIAL | N82: 4 | O82: 4 | P82: 0 | Q82: 0 | R82: 0 | S82: 0 | T82: 0 | U82: 0 | V82: 0 | W82: 0 | X82: 0 | Y82: 0 | Z82: 0 | AA82: 0 | AD82: ALEXANDRE | AE82: WILLIAN | AF82: DESEMPENO CONFERIDO JOSÉ
C83: 0 | D83: 0 | E83: 0 | F83: 0 | G83: 0 | H83: 0 | I83: 2 | J83: 0 | K83: COMERCIAL | N83: 2 | O83: 2 | P83: 0 | Q83: 0 | R83: 0 | S83: 0 | T83: 0 | U83: 0 | V83: 0 | W83: 0 | X83: 0 | Y83: 0 | Z83: 0 | AA83: 0 | AD83: JOSÉ | AE83: WILLIAN | AF83: UMA DAS COTAS E 3 DÉCIMOS MENOR
A84: 22/11/2024 | B84: 049169 | C84: 1 | D84: 0 | E84: 0 | F84: 0 | G84: 0 | H84: 0 | I84: 0 | J84: 0 | K84: FIAT | L84: 0084789 | M84: 03771101001 | N84: 1 | O84: 1 | P84: 0 | Q84: 0 | R84: 0 | S84: 0 | T84: 0 | U84: 0 | V84: 0 | W84: 0 | X84: 0 | Y84: 0 | Z84: 0 | AA84: 0 | AB84: 22/11/2024 | AC84: 22/11/2024 | AD84: JOSÉ | AE84: WILLIAN
A85: 22/11/2024 | B85: 052227 | C85: 0 | D85: 0 | E85: 0 | F85: 1 | G85: 0 | H85: 0 | I85: 0 | J85: 0 | K85: MERCEDES | L85: 0084902 | M85: 03783301002 | N85: 1 | O85: 1 | P85: 0 | Q85: 0 | R85: 0 | S85: 0 | T85: 0 | U85: 0 | V85: 0 | W85: 0 | X85: 0 | Y85: 0 | Z85: 0 | AA85: 0 | AB85: 22/11/2024 | AC85: 22/11/2024 | AD85: JOSÉ | AE85: WILLIAN | AF85: DESEMPENO WILLIAN
A86: 22/11/2024 | B86: 052226 | C86: 0 | D86: 0 | E86: 0 | F86: 1 | G86: 0 | H86: 0 | I86: 0 | J86: 0 | K86: MERCEDES | L86: 0084902 | M86: 03783301001 | N86: 1 | O86: 1 | P86: 0 | Q86: 0 | R86: 0 | S86: 0 | T86: 0 | U86: 0 | V86: 0 | W86: 0 | X86: 0 | Y86: 0 | Z86: 0 | AA86: 0 | AB86: 22/11/2024 | AC86: 22/11/2024 | AD86: ALE/JOSE | AE86: WILLIAN | AF86: DIMENSIONAL ALE - MONTAGEM JOSE
A87: 22/11/2024 | B87: 052228 | C87: 0 | D87: 0 | E87: 0 | F87: 2 | G87: 0 | H87: 0 | I87: 0 | J87: 0 | K87: MERCEDES | L87: 0084902 | M87: 03783301003 | N87: 2 | O87: 2 | P87: 0 | Q87: 0 | R87: 0 | S87: 0 | T87: 0 | U87: 0 | V87: 0 | W87: 0 | X87: 0 | Y87: 0 | Z87: 0 | AA87: 0 | AB87: 22/11/2024 | AC87: 22/11/2024 | AD87: ALE/JOSE | AE87: WILLIAN | AF87: DIMENSIONAL ALE - MONTAGEM JOSE
A88: 22/11/2024 | B88: 052229 | C88: 0 | D88: 0 | E88: 0 | F88: 1 | G88: 0 | H88: 0 | I88: 0 | J88: 0 | K88: MERCEDES | L88: 0084902 | M88: 03783301004 | N88: 1 | O88: 1 | P88: 0 | Q88: 0 | R88: 0 | S88: 0 | T88: 0 | U88: 0 | V88: 0 | W88: 0 | X88: 0 | Y88: 0 | Z88: 0 | AA88: 0 | AB88: 22/11/2024 | AC88: 22/11/2024 | AD88: ALE/JOSE | AE88: WILLIAN | AF88: DIMENSIONAL ALE - MONTAGEM JOSE
A89: 22/11/2024 | B89: 052229 | C89: 0 | D89: 0 | E89: 0 | F89: 1 | G89: 0 | H89: 0 | I89: 0 | J89: 0 | K89: MERCEDES | L89: 0084902 | M89: 03783301004 | N89: 1 | O89: 1 | P89: 0 | Q89: 0 | R89: 0 | S89: 0 | T89: 0 | U89: 0 | V89: 0 | W89: 0 | X89: 0 | Y89: 0 | Z89: 0 | AA89: 0 | AB89: 22/11/2024 | AC89: 22/11/2024 | AD89: ALE/JOSE | AE89: WILLIAN | AF89: DIMENSIONAL ALE - MONTAGEM JOSE
A90: 22/11/2024 | B90: 041097 | C90: 0 | D90: 0 | E90: 0 | F90: 1 | G90: 0 | H90: 0 | I90: 0 | J90: 0 | K90: AUTOLIV | L90: 0085033 | M90: 03786801001 | N90: 1 | O90: 1 | P90: 0 | Q90: 0 | R90: 0 | S90: 0 | T90: 0 | U90: 0 | V90: 0 | W90: 0 | X90: 0 | Y90: 0 | Z90: 0 | AA90: 0 | AB90: 22/11/2024 | AC90: 22/11/2024 | AD90: ALEXANDRE | AE90: WILLIAN | AF90: DESEMPENO CONFERIDO E DIAMETRO POR JOSE PAQ ALEXANDRE
A91: 22/11/2024 | B91: 041098 | C91: 0 | D91: 0 | E91: 0 | F91: 1 | G91: 0 | H91: 0 | I91: 0 | J91: 0 | K91: AUTOLIV | L91: 0085033 | M91: 03786801002 | N91: 1 | O91: 1 | P91: 0 | Q91: 0 | R91: 0 | S91: 0 | T91: 0 | U91: 0 | V91: 0 | W91: 0 | X91: 0 | Y91: 0 | Z91: 0 | AA91: 0 | AB91: 22/11/2024 | AC91: 22/11/2024 | AD91: ALEXANDRE | AE91: WILLIAN | AF91: DESEMPENO CONFERIDO E DIAMETRO JOSÉ
A92: 25/11/2024 | B92: 047425 | C92: 0 | D92: 0 | E92: 0 | F92: 1 | G92: 0 | H92: 0 | I92: 0 | J92: 0 | K92: FACCHINI | L92: 0082093 | M92: 03542401002 | N92: 1 | O92: 1 | P92: 0 | Q92: 0 | R92: 0 | S92: 0 | T92: 0 | U92: 0 | V92: 0 | W92: 0 | X92: 0 | Y92: 0 | Z92: 0 | AA92: 0 | AB92: 25/11/2024 | AC92: 25/11/2024 | AD92: ALEXANDRE | AE92: WILLIAN | AF92: DIMENSIONAL e MONTAGEM ALE - VALIDAÇÃO JOSE
A93: 25/11/2024 | B93: 047425 | C93: 0 | D93: 0 | E93: 0 | F93: 1 | G93: 0 | H93: 0 | I93: 0 | J93: 0 | K93: FACCHINI | L93: 0082093 | M93: 03542401015 | N93: 2 | O93: 2 | P93: 0 | Q93: 0 | R93: 0 | S93: 0 | T93: 0 | U93: 0 | V93: 0 | W93: 0 | X93: 0 | Y93: 0 | Z93: 0 | AA93: 0 | AB93: 25/11/2024 | AC93: 25/11/2024 | AD93: ALEXANDRE | AE93: WILLIAN | AF93: DIMENSIONAL e MONTAGEM ALE - VALIDAÇÃO JOSE
A94: 25/11/2024 | B94: 050579 | C94: 0 | D94: 0 | E94: 0 | F94: 1 | G94: 0 | H94: 0 | I94: 0 | J94: 0 | K94: MULTIPACK | L94: 0083824 | M94: 03767701002 | N94: 1 | O94: 1 | P94: 0 | Q94: 0 | R94: 0 | S94: 0 | T94: 0 | U94: 0 | V94: 0 | W94: 0 | X94: 0 | Y94: 0 | Z94: 0 | AA94: 0 | AB94: 25/11/2024 | AC94: 25/11/2024 | AD94: ALEXANDRE | AE94: WILLIAN | AF94: DIMENSIONAL e MONTAGEM ALE
A95: 25/11/2024 | B95: 051660 | C95: 1 | D95: 0 | E95: 0 | F95: 0 | G95: 0 | H95: 0 | I95: 0 | J95: 0 | K95: ROBERT BOSCH | L95: 0084796 | M95: 03789201001 | N95: 1 | O95: 1 | P95: 0 | Q95: 0 | R95: 0 | S95: 0 | T95: 0 | U95: 0 | V95: 0 | W95: 0 | X95: 0 | Y95: 0 | Z95: 0 | AA95: 0 | AB95: 25/11/2024 | AC95: 25/11/2024 | AD95: ALEXANDRE | AE95: WILLIAN | AF95: DIMENSIONAL e MONTAGEM ALE - VALIDAÇÃO JOSE
A96: 25/11/2024 | B96: 052238 | C96: 0 | D96: 0 | E96: 0 | F96: 1 | G96: 0 | H96: 0 | I96: 0 | J96: 0 | K96: AUMAQRS | L96: 0085040 | M96: 03786501001 | N96: 1 | O96: 1 | P96: 0 | Q96: 0 | R96: 0 | S96: 0 | T96: 0 | U96: 0 | V96: 0 | W96: 0 | X96: 0 | Y96: 0 | Z96: 0 | AA96: 0 | AB96: 25/11/2024 | AC96: 25/11/2024 | AD96: ALEXANDRE | AE96: WILLIAN | AF96: DIMENSIONAL e MONTAGEM ALE - VALIDAÇÃO JOSE
... A100: 25/11/2024 | B100: 052153 | C100: 0 | D100: 0 | E100: 0 | F100: 0 | G100: 0 | H100: 0 | I100: 0 | J100: 0 | K100: 2D | L100: 0085167 | M100: 03799101004 | N100: 1 | O100: 1 | P100: 0 | Q100: 0 | R100: 0 | S100: 0 | T100: 0 | U100: 0 | V100: 0 | W100: 0 | X100: 0 | Y100: 0 | Z100: 0 | AA100: 0 | AB100: 25/11/2024 | AC100: 25/11/2024 | AD100: JOSE | AE100: WILLIAN | AF100: DIMENSIONAL ALE - MONTAGEM JOSE - VALIDAÇÃO JOSE
A101: 25/11/2024 | B101: 049469 | C101: 0 | D101: 0 | E101: 0 | F101: 4 | G101: 0 | H101: 0 | I101: 0 | J101: 0 | K101: OVERDRILL | L101: 0084577 | M101: 03755201004 | N101: 4 | O101: 4 | P101: 0 | Q101: 0 | R101: 0 | S101: 0 | T101: 0 | U101: 0 | V101: 0 | W101: 0 | X101: 0 | Y101: 0 | Z101: 0 | AA101: 0 | AB101: 25/11/2024 | AC101: 25/11/2024 | AD101: JOSE | AE101: WILLIAN
A102: 26/11/2024 | B102: 052294 | C102: 0 | D102: 0 | E102: 0 | F102: 1 | G102: 0 | H102: 0 | I102: 0 | J102: 0 | K102: LEMARB | L102: 0085065 | M102: 03789301002 | N102: 1 | O102: 1 | P102: 0 | Q102: 0 | R102: 0 | S102: 0 | T102: 0 | U102: 0 | V102: 0 | W102: 0 | X102: 0 | Y102: 0 | Z102: 0 | AA102: 0 | AB102: 26/11/2024 | AC102: 26/11/2024 | AD102: ALEXANDRE | AE102: WILLIAN | AF102: DIMENSIONAL e MONTAGEM ALE
A103: 26/11/2024 | B103: 050539 | C103: 1 | D103: 0 | E103: 0 | F103: 0 | G103: 0 | H103: 0 | I103: 0 | J103: 0 | K103: STELLANTIS | L103: 0082009 | M103: 03795201001 | N103: 1 | O103: 1 | P103: 0 | Q103: 0 | R103: 0 | S103: 0 | T103: 0 | U103: 0 | V103: 0 | W103: 0 | X103: 0 | Y103: 0 | Z103: 0 | AA103: 0 | AB103: 26/11/2024 | AC103: 26/11/2024 | AD103: JOSE | AE103: WILLIAN
...

Sheet CONFIGURAÇÃO 
A1: CONFIGURAÇÃO DA PROGRAMAÇÃO
B2: =Lançamentos!O3 -> Aprovado | C2: =Lançamentos!P3 -> Reprovado | D2: =Lançamentos!Q3 -> Usinagem | E2: =Lançamentos!R3 -> Inspeção | F2: =Lançamentos!S3 -> Desenho | G2: =Lançamentos!T3 -> Programação CNC | H2: =Lançamentos!U3 -> Produção | I2: =Lançamentos!V3 -> Comercial | J2: =Lançamentos!W3 -> PCP | K2: =Lançamentos!Y3 -> Retrabalho | L2: =Lançamentos!AA3 -> Morta usin. | M2: =B2 -> Aprovado | N2: =C2 -> Reprovado | O2: =L2 -> Morta usin. | P2: =K2 -> Retrabalho
B3: =Lançamentos!O158 -> 303 | C3: =Lançamentos!P158 -> 13 | D3: =Lançamentos!Q158 -> 10 | E3: =Lançamentos!R158 -> 0 | F3: =Lançamentos!S158 -> 0 | G3: =Lançamentos!T158 -> 0 | H3: =Lançamentos!U158 -> 1 | I3: =Lançamentos!V158 -> 1 | J3: =Lançamentos!W158 -> 0 | K3: =Lançamentos!Y158 -> 8 | L3: =Lançamentos!AA158 -> 0 | M3: =B3 -> 303 | N3: =C3 -> 13 | O3: =L3 -> 0 | P3: =K3 -> 8
O4: 1 | P4: 2
O22: PERCENTUAIS
B23: ='PRODUTOS DE REFUGO'!#REF! -> #REF! | C23: ='PRODUTOS DE REFUGO'!#REF! -> #REF! | D23: ='PRODUTOS DE REFUGO'!#REF! -> #REF! | G23: TOTAL DE PEÇAS PRODUZIDAS NO MÊS | I23: PEÇAS REPROVADAS | L23: PEÇAS APROVADAS | O23: =F32 -> 0.96190476
B24: ='PRODUTOS DE REFUGO'!#REF! -> #REF! | C24: ='PRODUTOS DE REFUGO'!#REF! -> #REF! | D24: ='PRODUTOS DE REFUGO'!#REF! -> #REF! | G24: =Lançamentos!N158 -> 315 | L24: PEÇAS MORTAS | O24: =F41 -> 0
L25: PEÇAS RETRABALHO | O25: =F36 -> 0.025396825
L26: PEÇA APROV. DIR. + RETRAB. | O26: =F44 -> 0.98730159
F31: APROVAÇÃO DIRETA
F32: =M3/Lançamentos!N158 -> 0.96190476
F35: RETRABALHO
F36: =K3/Lançamentos!N158 -> 0.025396825
F40: MORTAS
F41: =L3/Lançamentos!N158 -> 0
F43: APROVAÇÃO DIRETA + RETRABALHO
F44: =SUM(F36+F32) -> 0.98730159

Sheet PRODUTOS DE REFUGO
A1: LOGO | C1: CONTROLE DE REFUGOS
A2: Data | B2: Descrição | C2: Cliente | D2: Pedido | E2: OP | F2: Maquina | G2: Fuso | H2: Castanha | I2: Guia | J2: Bloco | K2: QTD. DA OP. | L2: QTD. PEÇAS CHEGOU | M2: QNT. REPROVADO | N2: QNT. RETRABALHADO | O2: QNT. USINADO NOVAMENTE | P2: APROVADO | Q2: Usinagem | R2: Inspeção | S2: Desenho | T2: Programação CNC | U2: Produção | V2: Gerar op - instrução para corte errado | W2: PCP | X2: Medida não conforme o projeto | Y2: Usinagem não conforme o projeto | Z2: Acabamento Ruim | AA2: Peça fora de concentricidade | AB2: Peça craterizada | AC2: Estética (aparência) | AD2: Rebarba | AE2: Faltou usinar a chaveta | AF2: Desenho Errado | AG2: Observação
A3: 45601 | B3: 052114 | C3: MACCAFERRI | D3: 0084544 | E3: 03751801001 | F3: TORNO 2 | H3: X | K3: 2 | L3: 2 | M3: 1 | N3: 1 | O3: 0 | P3: 2 | Q3: X | X3: X | AG3: FLANGE MAIOR 25.6MM E PRECISO MENOR 4.4MM - OCOREU COMPENSAÇÃO DE MEDIDAS
A4: 45602 | B4: 051881 | C4: MACLINEA | D4: 0084590 | E4: 03753501001 | F4: CORTE | I4: X | K4: 3 | L4: 3 | M4: 1 | N4: 0 | O4: 1 | P4: 1 | U4: X | X4: X | AG4: CORTE ERRADO DEVIDO A TRAÇAGEM DE COTA "E" ERRADA
A5: 45602 | B5: 052102 | C5: CONAN | D5: 0084680 | E5: 03761801008 | F5: CNC | G5: X | K5: 1 | L5: 1 | M5: 1 | N5: 1 | O5: 0 | P5: 1 | Q5: X | X5: X | AG5: FUSO MORREU O CORPO DA FRENTE DE COMPRIMENTO 15mm DIAMETRO 10mm H7 E O CORPO DE 26mm DE COMPRIMENTO DIAMETRO DE 12mm h7 ESTAVA COM 50% FORA DE TOLERÂNCIA PEÇA OI LIBERADA POSSUI RNC E EMAIL.
A6: 45603 | B6: 050922 | C6: NEUMAYER | D6: 0081637 | E6: 03747601001 | F6: FRESA 2 | H6: X | K6: 1 | L6: 1 | M6: 1 | N6: 1 | O6: 0 | P6: 1 | Q6: X | Y6: X | AG6: AO REALIZAR A FURAÇÃO DO PARAFUSO DO RECIRCULADOR, O OPERADOR NÃO SE ATENTOU E PASSOU COM A FRESA ATE O FUSO
A7: 45604 | B7: 51873 | C7: ALZILAN | D7: BP#31868 | E7: - | F7: TORNO 1 | G7: X | H7: X | K7: 1 | L7: 1 | M7: 1 | N7: 1 | O7: 0 | P7: 1 | Q7: X | X7: X | Z7: X | AG7: DIAMETRO DE 24,5mm H7(0/-0,021), FICOU UMA REGIAO DE 5mm DE COMPRIMENTO COM -0,05/-0,06.
A8: 45614 | B8: 052217 | C8: HITACHI | D8: 0082111 | E8: 03766301001 | F8: TORNO 1 | G8: X | K8: 1 | L8: 1 | M8: 1 | N8: 1 | O8: 0 | P8: 1 | Q8: X | Z8: X | AG8: ACABAMENTO DA BUCHA COM CORPO DE 14,5mm DE COMPRIMENTO ESTAVA COM ACABAMENTO VIBRADO

Sheet DASH
A1: =Observações!C4 -> 2

Sheet Observações
A1: LOGO | C1: OBS
A2: Data | B2: Responsavél pela observção | C2: Assunto
C3: LANÇAR PEDIDO 0084147 DA HITACHI? POIS NÃO FOI USINADO ERA SÓ VER O DEGRAU NA CASTANHA OP 03713301001
C4: 2
C5: 3
C6: 4
C7: 5
C8: 6
C9: 7
C10: 8
C11: 9
C12: 10
C13: 11
C14: 12
C15: 13
... C17: 15

Sheet Indicadores Usinagem
B2: PLANILHA PARA ATUALIZAR QUADRO DE INFORMAÇÕES
B5: PEÇAS PRODUZIDAS MÊS ATE A PRESENTE DATA | C5: =Lançamentos!N158 -> 315
B10: APROVAÇÃO DIRETA | C10: USINAGEM
C11: =Lançamentos!O158 -> 303
B12: PERCENTUAL % | C12: USINAGEM
C13: =C11/C5 -> 0.96190476
B15: APROVAÇÃO DIRETA + RETRABALHO | C15: USINAGEM
C16: =Lançamentos!O158+Lançamentos!Y158 -> 311
B17: PERCENTUAL % | C17: USINAGEM
C18: ='CONFIGURAÇÃO '!O26 -> 0.98730159
B20: PEÇAS RETRABALHADAS | C20: USINAGEM | D20: OUTROS
C21: =C35 -> 8 | D21: =C37 -> 0
B22: PERCENTUAL % | C22: USINAGEM | D22: OUTROS
C23: =C33 -> 0.025396825 | D23: =D37 -> 0
B25: PEÇAS MORTAS | C25: USINAGEM | D25: OUTROS
C26: =C41 -> 0 | D26: =C43 -> 1
B27: PERCENTUAL % | C27: USINAGEM | D27: OUTROS
C28: =D41 -> 0 | D28: =D43 -> 0.00052910053
B31: CALCULO DIVISÃO DE NÃO CONFORMIDADE
B33: RETRABALHO | C33: ='CONFIGURAÇÃO '!O25 -> 0.025396825
D34: USINAGEM | F34: =Lançamentos!AA158 -> 0 | G34: usin morta
C35: =Lançamentos!Y158 -> 8 | D35: =C33 -> 0.025396825 | F35: =Lançamentos!Z158 -> 1 | G35: outros morta
D36: OUTROS | F36: =Lançamentos!Y158 -> 8 | G36: retrabalho usin
C37: =Lançamentos!X158 -> 0 | D37: =C33*C37 -> 0 | F37: =Lançamentos!X158 -> 0 | G37: retrabalho outros
C38: =Lançamentos!Z158/Lançamentos!N158 -> 0.0031746032
B39: PEÇA MORTA | C39: =Lançamentos!AA158/Lançamentos!N158 -> 0
D40: USINAGEM
B41: =C38/6 -> 0.00052910053 | C41: =Lançamentos!AA158 -> 0 | D41: =C41*B41 -> 0
D42: OUTROS
C43: =Lançamentos!Z158 -> 1 | D43: =B41*C43 -> 0.00052910053
